id;first_name;last_name;mobile;email;address;dob;gender
1;Magnus;Cassin;0;Haven_Bruen@gmail.com;Architect Montana Paradigm;scalable Buckinghamshire;Macedonia Towels backing up
2;Destinee;Muller;2;Hayden.Abernathy@yahoo.com;Response purple Handmade;Money Market Account Tugrik FTP;Texas
3;Raymundo;Kautzer;7;Leila9@yahoo.com;New Jersey synergistic;Iowa;Cambridgeshire Berkshire
4;Orie;Gerlach;2;Jonatan.Brown34@yahoo.com;Rial Omani withdrawal;Home;wireless
5;Consuelo;Zboncak;4;Savanah34@hotmail.com;regional Frozen Checking Account;Cocos (Keeling) Islands;Avon synthesizing
6;Nya;Dare;5;Everardo_Upton@gmail.com;override;Movies;Loop
7;Catherine;Upton;2;Retta85@hotmail.com;revolutionize;action-items human-resource;Handcrafted Plastic Table turn-key deposit
8;Izabella;Fahey;4;Alden51@yahoo.com;Track e-enable;Metal;back up
9;Ardith;Friesen;7;Adele.Hammes32@gmail.com;Handcrafted;Maryland invoice HDD;District definition
10;Johann;Mraz;0;Bobby_Kuvalis17@yahoo.com;Auto Loan Account Global models;Chief synthesizing white;Handcrafted Cotton Gloves
